alias,canonical_name
Diced Tomatoes In Juice,Tinned Tomatoes
Crushed Tomatoes,Tinned Tomatoes
Chopped Tomatoes,Tinned Tomatoes
Crushed Tomatoes,Tinned Tomatoes
Whole Peeled Tomatoes,Tinned Tomatoes
Diced Tomatoes With Garlic,Tinned Tomatoes
Diced Tomatoes With Onion,Tinned Tomatoes
Tomatoes In Juice,Tinned Tomatoes
Diced Tomatoes,Tinned Tomatoes
Napoli Sauce,Pasta Sauce
Passata,Pasta Sauce
Tomato Pasta Sauce,Pasta Sauce
Bolognese Sauce,Pasta Sauce
Tomato Puree,Tomato Paste
Beef Mince,Mince
Lamb Mince,Mince
Pork Mince,Mince
Chicken Mince,Mince
Premium Mince,Mince
Regular Mince,Mince
Lean Mince,Mince
Skinless Chicken Breast,Chicken Breast
Chicken Breast Fillets,Chicken Breast
Chicken Breast Tenderloins,Chicken Breast
Boneless Chicken Thigh,Chicken Thigh
Chicken Thigh Fillets,Chicken Thigh
Bone In Chicken Thigh,Chicken Thigh
Streaky Bacon,Bacon
Middle Bacon,Bacon
Bacon Rashers,Bacon
Beef Sausages,Sausages
Pork Sausages,Sausages
Chicken Sausages,Sausages
Cheerios,Sausages
Spaghetti,Pasta
Penne,Pasta
Fusilli,Pasta
Macaroni,Pasta
Rigatoni,Pasta
Lasagne Sheets,Pasta
Egg Noodles,Pasta
Jasmine Rice,Rice
Basmati Rice,Rice
Brown Rice,Rice
Long Grain Rice,Rice
White Rice,Rice
Plain Flour,Flour
Standard Flour,Flour
All Purpose Flour,Flour
White Sugar,Sugar
Caster Sugar,Sugar
Table Salt,Salt
Sea Salt,Salt
Iodised Salt,Salt
Cracked Pepper,Pepper
Ground Black Pepper,Pepper
Peppercorns,Pepper
Full Cream Milk,Milk
Standard Milk,Milk
Blue Top Milk,Milk
Unsalted Butter,Butter
Salted Butter,Butter
Block Butter,Butter
Tasty Cheese,Cheese
Colby Cheese,Cheese
Edam Cheese,Cheese
Mild Cheese,Cheese
Grated Cheese,Cheese
Free Range Eggs,Eggs
Barn Eggs,Eggs
Large Eggs,Eggs
Greek Yoghurt,Yoghurt
Natural Yoghurt,Yoghurt
Vanilla Yoghurt,Yoghurt
Fresh Cream,Cream
Thickened Cream,Cream
Pouring Cream,Cream
Whipping Cream,Cream
Brown Onion,Onion
Red Onion,Onion
White Onion,Onion
Garlic Cloves,Garlic
Crushed Garlic,Garlic
Minced Garlic,Garlic
Agria Potato,Potato
Jersey Benne Potato,Potato
Washed Potatoes,Potato
Potatoes,Potato
Baby Carrots,Carrot
Carrots,Carrot
Broccoli Florets,Broccoli
Red Capsicum,Capsicum
Green Capsicum,Capsicum
Yellow Capsicum,Capsicum
Bell Pepper,Capsicum
Extra Virgin Olive Oil,Olive Oil
Light Olive Oil,Olive Oil
Canola Oil,Vegetable Oil
Rice Bran Oil,Vegetable Oil
