recipe_id,ingredient_name,quantity,unit
1786093115133,Beef mince,500,g
1786093115133,Tinned tomatoes,400,g
1786093115133,Onion,2,each
1786412993338,Butternut squash,1800,g
1786412993338,Sage leaves,9,each
1786412993338,Unsalted butter,2,tbsp
1786412993338,Olive oil,2,tbsp
1786412993338,Shallot,1,each
1786412993338,Chicken stock,1000,ml
1786412993338,Apple cider,250,ml
1786412993338,Dark brown sugar,1,tbsp
1786412993338,Worcestershire sauce,0.4,tsp
1786412993338,Ground nutmeg,0.2,tsp
1786412993338,Red pepper flakes,0.1,tsp
1786412993338,Heavy cream,40,ml
1786412993338,Apple,1,each
1786413160767,Butternut squash,1.8,kg
1786413160767,Sage leaves,9,each
1786413160767,Unsalted butter,2,tbsp
1786413160767,Olive oil,2,tbsp
1786413160767,Shallot,1,each
1786413160767,Chicken stock,1,l
1786413160767,Apple cider,250,ml
1786413160767,Dark brown sugar,1,tbsp
1786413160767,Worcestershire sauce,0.4,tsp
1786413160767,Ground nutmeg,0.2,tsp
1786413160767,Red pepper flakes,0.1,tsp
1786413160767,Heavy cream,40,ml
1786413160767,Apple,1,each
1786414079704,Plain flour,120,g
1786414079704,Eggs,5,each
1786414079704,Milk,240,ml
1786414079704,Sausages,7,each
1786414079704,Vegetable oil,2,tbsp
1786414770707,Cheese,250,g
1786414770707,Kidney Beans,400,g
1786414770707,Baked Beans,400,g
1786414770707,Mince,1,kg
1786414770707,Chilli Con Carne Spice Pack,1,each
1786414770707,Worcestershire sauce,4,tsp
1786414770707,Onion,1,each
1786414770707,Pasta,500,g
1786414770707,Tinned Corn,400,g
1786414963767,Steak,450,g
1786414963767,Soy sauce,60,ml
1786414963767,Shaoxing wine,60,ml
1786414963767,Corn starch,2,tsp
1786414963767,Chicken stock,80,ml
1786414963767,Oyster sauce,60,ml
1786414963767,Sugar,1,tbsp
1786414963767,Sesame seed oil,1,tsp
1786414963767,Garlic,2,each
1786414963767,Ginger,2,tsp
1786414963767,Scallions,3,each
1786414963767,Vegetable oil,4,tbsp
1786414963767,Broccoli florets,450,g
