recipe_id,person,vote
1785379074927,Charlotte,like
1785745706601,Todd,like
1785748199875,Charlotte,like
1785745706601,Kayleigh,dislike
1785900189651,Kayleigh,like
1786093115133,Charlotte,like
1786093115133,Kayleigh,dislike
1786413160767,Charlotte,like
1786412993338,Charlotte,dislike
1786412993338,Todd,dislike
1786413160767,Todd,like
1786412993338,Kayleigh,dislike
1786413160767,Kayleigh,like
1786414079704,Charlotte,like
1786414079704,Todd,like
1786414079704,Kayleigh,dislike
1786414770707,Charlotte,like
1786414770707,Todd,like
1786414770707,Kayleigh,like
